Film;Kanał;Komentarz;Temat;Sentyment;Emocjonalność (0.0-1.0);Typ Wypowiedzi;Główny Tag;Link
WHO said that GATHERING spec is difficult? | Gordinh - ALBION ONLINE;Gordinh Albion;BOYS & GIRLS. IT'S TOMES + LEARNING POINTS. OK?;Ekonomia;neutralny;0.4;Humor/Spam;tomy i punkty;https://www.youtube.com/watch?v=Tft7nI6wJD8
WHO said that GATHERING spec is difficult? | Gordinh - ALBION ONLINE;Gordinh Albion;correct me if im wrong this was just to be able to gather everything in the game. ofc 350m isnt gonig to get you 100/100 spec in each catagory lmao.;Ekonomia;neutralny;0.3;Krytyka/Problem;koszt specjalizacji;https://www.youtube.com/watch?v=Tft7nI6wJD8
WHO said that GATHERING spec is difficult? | Gordinh - ALBION ONLINE;Gordinh Albion;Faz mt aimda;Ekonomia;neutralny;0.2;Humor/Spam;nieznany kontekst;https://www.youtube.com/watch?v=Tft7nI6wJD8
WHO said that GATHERING spec is difficult? | Gordinh - ALBION ONLINE;Gordinh Albion;thats why the game sucks.;Ekonomia;negatywny;0.8;Krytyka/Problem;gra ssie;https://www.youtube.com/watch?v=Tft7nI6wJD8
WHO said that GATHERING spec is difficult? | Gordinh - ALBION ONLINE;Gordinh Albion;Not worth , 350m for specing its a bull shit bro i can spec this in black zone ez you just need learning point lol;Ekonomia;negatywny;0.8;Krytyka/Problem;drogie specy;https://www.youtube.com/watch?v=Tft7nI6wJD8
WHO said that GATHERING spec is difficult? | Gordinh - ALBION ONLINE;Gordinh Albion;you basicaly can gather everything up to T8 , and you are still gonna be slower than me , just becouse i have spec, i know people that are 100 in everything and all tiers , you won't even be able to gather 1 they will gather full plentiful of some T8 resource;Ekonomia;negatywny;0.6;Krytyka/Problem;wolne zbieranie;https://www.youtube.com/watch?v=Tft7nI6wJD8
WHO said that GATHERING spec is difficult? | Gordinh - ALBION ONLINE;Gordinh Albion;Я вкачал 3 ветки из 6 на 8 тир и теперь остался камень руда и рыба;Ekonomia;neutralny;0.3;Krytyka/Problem;postęp w grze;https://www.youtube.com/watch?v=Tft7nI6wJD8
WHO said that GATHERING spec is difficult? | Gordinh - ALBION ONLINE;Gordinh Albion;Ujum 400 m for this ... Fk u;Ekonomia;negatywny;0.9;Krytyka/Problem;zmarnowane srebrniki;https://www.youtube.com/watch?v=Tft7nI6wJD8
WHO said that GATHERING spec is difficult? | Gordinh - ALBION ONLINE;Gordinh Albion;You know the point of these is kinda to make money bro. Had you levelled it naturally you’d have made that money and kept your own…;Ekonomia;negatywny;0.6;Krytyka/Problem;strata pieniędzy;https://www.youtube.com/watch?v=Tft7nI6wJD8
WHO said that GATHERING spec is difficult? | Gordinh - ALBION ONLINE;Gordinh Albion;350m not bad btw;Ekonomia;pozytywny;0.3;Pochwała;dobra cena;https://www.youtube.com/watch?v=Tft7nI6wJD8
WHO said that GATHERING spec is difficult? | Gordinh - ALBION ONLINE;Gordinh Albion;All that just for 1 spec😂;Ekonomia;negatywny;0.7;Krytyka/Problem;mała specjalizacja;https://www.youtube.com/watch?v=Tft7nI6wJD8
WHO said that GATHERING spec is difficult? | Gordinh - ALBION ONLINE;Gordinh Albion;But they are only level 1 spec;Ekonomia;negatywny;0.5;Krytyka/Problem;niski poziom;https://www.youtube.com/watch?v=Tft7nI6wJD8
WHO said that GATHERING spec is difficult? | Gordinh - ALBION ONLINE;Gordinh Albion;Plot twist he’s actually popping fame tomes and using Photoshop lol;Ekonomia;neutralny;0.5;Humor/Spam;fake fame tomes;https://www.youtube.com/watch?v=Tft7nI6wJD8
WHO said that GATHERING spec is difficult? | Gordinh - ALBION ONLINE;Gordinh Albion;ok, comienza tu esclavitud;Ekonomia;negatywny;0.6;Krytyka/Problem;growa niewolnictwo;https://www.youtube.com/watch?v=Tft7nI6wJD8
WHO said that GATHERING spec is difficult? | Gordinh - ALBION ONLINE;Gordinh Albion;QUERIA EU TER TANTA PRATA;Ekonomia;pozytywny;0.6;Pochwała;chcę tyle srebru;https://www.youtube.com/watch?v=Tft7nI6wJD8
WHO said that GATHERING spec is difficult? | Gordinh - ALBION ONLINE;Gordinh Albion;O sea que literalmente te cuesta 350M tener todas las herramientas al T8 :|  Que desperdicio de silver;Ekonomia;negatywny;0.7;Krytyka/Problem;marnotrawstwo srebra;https://www.youtube.com/watch?v=Tft7nI6wJD8
WHO said that GATHERING spec is difficult? | Gordinh - ALBION ONLINE;Gordinh Albion;For this mf to get a t8 resource he's gonna be mining for 10minutes at lvl1 😂;Ekonomia;negatywny;0.7;Krytyka/Problem;wolne kopanie;https://www.youtube.com/watch?v=Tft7nI6wJD8
WHO said that GATHERING spec is difficult? | Gordinh - ALBION ONLINE;Gordinh Albion;350mil down the drain;Ekonomia;negatywny;0.8;Krytyka/Problem;wywalone w błoto;https://www.youtube.com/watch?v=Tft7nI6wJD8
WHO said that GATHERING spec is difficult? | Gordinh - ALBION ONLINE;Gordinh Albion;500m silver 100$ 😃😃😃;Ekonomia;neutralny;0.4;Krytyka/Problem;cena srebra realia;https://www.youtube.com/watch?v=Tft7nI6wJD8
WHO said that GATHERING spec is difficult? | Gordinh - ALBION ONLINE;Gordinh Albion;Just lv 1 😂;Ekonomia;negatywny;0.6;Krytyka/Problem;tylko pierwszy poziom;https://www.youtube.com/watch?v=Tft7nI6wJD8
WHO said that GATHERING spec is difficult? | Gordinh - ALBION ONLINE;Gordinh Albion;Ter t8 é fácil quero ver por tudo 100/100 😂😂😂;Ekonomia;neutralny;0.6;Humor/Spam;kosztowny crafting t8;https://www.youtube.com/watch?v=Tft7nI6wJD8
WHO said that GATHERING spec is difficult? | Gordinh - ALBION ONLINE;Gordinh Albion;500M de crédit fama??;Ekonomia;neutralny;0.4;Pytanie;ogromna fama;https://www.youtube.com/watch?v=Tft7nI6wJD8
WHO said that GATHERING spec is difficult? | Gordinh - ALBION ONLINE;Gordinh Albion;only 1 year of premmium time XD  350milion;Ekonomia;negatywny;0.5;Krytyka/Problem;drogie premium;https://www.youtube.com/watch?v=Tft7nI6wJD8
WHO said that GATHERING spec is difficult? | Gordinh - ALBION ONLINE;Gordinh Albion;350 million;Ekonomia;neutralny;0.2;Humor/Spam;miliony srebra;https://www.youtube.com/watch?v=Tft7nI6wJD8
WHO said that GATHERING spec is difficult? | Gordinh - ALBION ONLINE;Gordinh Albion;"Wow, it's incredible what someone who makes millions can do. Leveling up crafting is so boring, but now I see what my option would be—though how am I going to get that much money? Oh God! I'd settle for just getting two of those professions to a high level; I'm stuck at Tier IV and it's already feeling tedious.";Ekonomia;negatywny;0.7;Krytyka/Problem;nudny crafting;https://www.youtube.com/watch?v=Tft7nI6wJD8
WHO said that GATHERING spec is difficult? | Gordinh - ALBION ONLINE;Gordinh Albion;-350 миллионов);Ekonomia;negatywny;0.5;Krytyka/Problem;stracone miliony;https://www.youtube.com/watch?v=Tft7nI6wJD8
WHO said that GATHERING spec is difficult? | Gordinh - ALBION ONLINE;Gordinh Albion;Money power ahh;Ekonomia;negatywny;0.6;Krytyka/Problem;pieniądze dają przewagę;https://www.youtube.com/watch?v=Tft7nI6wJD8
WHO said that GATHERING spec is difficult? | Gordinh - ALBION ONLINE;Gordinh Albion;Only 300 usd;Ekonomia;neutralny;0.4;Krytyka/Problem;koszt w usd;https://www.youtube.com/watch?v=Tft7nI6wJD8
WHO said that GATHERING spec is difficult? | Gordinh - ALBION ONLINE;Gordinh Albion;fk you gordinh everyone doesnt have 500 mil silver;Ekonomia;negatywny;0.8;Krytyka/Problem;nierówność bogactwa;https://www.youtube.com/watch?v=Tft7nI6wJD8
WHO said that GATHERING spec is difficult? | Gordinh - ALBION ONLINE;Gordinh Albion;sure if you have too much silver... or money to convert into silver...;Ekonomia;negatywny;0.5;Krytyka/Problem;pay to win;https://www.youtube.com/watch?v=Tft7nI6wJD8
WHO said that GATHERING spec is difficult? | Gordinh - ALBION ONLINE;Gordinh Albion;Bro spent more than he's making in the times he's playing;Ekonomia;negatywny;0.6;Krytyka/Problem;nieopłacalny wydatek;https://www.youtube.com/watch?v=Tft7nI6wJD8
WHO said that GATHERING spec is difficult? | Gordinh - ALBION ONLINE;Gordinh Albion;Rmt money goes brrrrrrrr;Ekonomia;negatywny;0.7;Krytyka/Problem;podejrzenie rmt;https://www.youtube.com/watch?v=Tft7nI6wJD8
WHO said that GATHERING spec is difficult? | Gordinh - ALBION ONLINE;Gordinh Albion;Me grinding fro 2 months from t1-6 😂;Ekonomia;neutralny;0.5;Humor/Spam;długi grind;https://www.youtube.com/watch?v=Tft7nI6wJD8
WHO said that GATHERING spec is difficult? | Gordinh - ALBION ONLINE;Gordinh Albion;Test server … this is fake & gay;Serwery/Lagi;neutralny;0.4;Krytyka/Problem;serwer testowy;https://www.youtube.com/watch?v=Tft7nI6wJD8
WHO said that GATHERING spec is difficult? | Gordinh - ALBION ONLINE;Gordinh Albion;na minha cabeça não compensa gastar isso tudo pra por tudo no t8;Ekonomia;negatywny;0.4;Krytyka/Problem;nieopłacalny progress;https://www.youtube.com/watch?v=Tft7nI6wJD8
WHO said that GATHERING spec is difficult? | Gordinh - ALBION ONLINE;Gordinh Albion;my poor ass had to grind in order to get all of the gathering spec to T8;Ekonomia;neutralny;0.3;Krytyka/Problem;ciężki grind zbieractwa;https://www.youtube.com/watch?v=Tft7nI6wJD8
WHO said that GATHERING spec is difficult? | Gordinh - ALBION ONLINE;Gordinh Albion;Pensar que hay gente que compra libros y piensa que sabe jugar por tener spec;Inne;negatywny;0.5;Krytyka/Problem;brak umiejętności za książki;https://www.youtube.com/watch?v=Tft7nI6wJD8
WHO said that GATHERING spec is difficult? | Gordinh - ALBION ONLINE;Gordinh Albion;Gatherers seriously need girlfriends.  They've got so much time in their hands xD;Inne;neutralny;0.4;Humor/Spam;no-life zbieracze;https://www.youtube.com/watch?v=Tft7nI6wJD8
WHO said that GATHERING spec is difficult? | Gordinh - ALBION ONLINE;Gordinh Albion;Sorry bro i need to feed my family 😢;Ekonomia;neutralny;0.3;Krytyka/Problem;koszty życia;https://www.youtube.com/watch?v=Tft7nI6wJD8
WHO said that GATHERING spec is difficult? | Gordinh - ALBION ONLINE;Gordinh Albion;By hunting worldbosses for 90 days i was able to max all gathering  to T8. Fishing is the last on the list;Ekonomia;pozytywny;0.2;Pochwała;sukces w zbieractwie;https://www.youtube.com/watch?v=Tft7nI6wJD8
WHO said that GATHERING spec is difficult? | Gordinh - ALBION ONLINE;Gordinh Albion;name of the music?;Inne;neutralny;0.1;Pytanie;pytanie o muzykę;https://www.youtube.com/watch?v=Tft7nI6wJD8
WHO said that GATHERING spec is difficult? | Gordinh - ALBION ONLINE;Gordinh Albion;Это что-то на богатом;Ekonomia;neutralny;0.4;Humor/Spam;bogactwo w grze;https://www.youtube.com/watch?v=Tft7nI6wJD8
WHO said that GATHERING spec is difficult? | Gordinh - ALBION ONLINE;Gordinh Albion;Can't wait till you bring me that juicy loot in bz 😊;PvP;pozytywny;0.7;Humor/Spam;loot z pvp;https://www.youtube.com/watch?v=Tft7nI6wJD8
WHO said that GATHERING spec is difficult? | Gordinh - ALBION ONLINE;Gordinh Albion;ITS just an start point, so after a years how far u got 😂;Inne;neutralny;0.5;Humor/Spam;długa gra;https://www.youtube.com/watch?v=Tft7nI6wJD8
WHO said that GATHERING spec is difficult? | Gordinh - ALBION ONLINE;Gordinh Albion;mf just spend over 300m worth of silver for gathering spec;Ekonomia;neutralny;0.5;Krytyka/Problem;kosztowny specc;https://www.youtube.com/watch?v=Tft7nI6wJD8
WHO said that GATHERING spec is difficult? | Gordinh - ALBION ONLINE;Gordinh Albion;i can feel the rmt across the screen;Ekonomia;negatywny;0.6;Krytyka/Problem;podejrzenie rmt;https://www.youtube.com/watch?v=Tft7nI6wJD8
WHO said that GATHERING spec is difficult? | Gordinh - ALBION ONLINE;Gordinh Albion;🤣 🤣 🤣 🤣 🤣  🤡;Inne;negatywny;0.9;Humor/Spam;toksyczny śmiech;https://www.youtube.com/watch?v=Tft7nI6wJD8
WHO said that GATHERING spec is difficult? | Gordinh - ALBION ONLINE;Gordinh Albion;how to buy the book?;Inne;neutralny;0.2;Pytanie;pytanie o przedmiot;https://www.youtube.com/watch?v=Tft7nI6wJD8
WHO said that GATHERING spec is difficult? | Gordinh - ALBION ONLINE;Gordinh Albion;519 миллионов свободного опыта...;Ekonomia;neutralny;0.3;Pochwała;dużo doświadczenia;https://www.youtube.com/watch?v=Tft7nI6wJD8
WHO said that GATHERING spec is difficult? | Gordinh - ALBION ONLINE;Gordinh Albion;0 game enjoy, only grind - 0 sence;Inne;negatywny;0.8;Krytyka/Problem;brak przyjemności;https://www.youtube.com/watch?v=Tft7nI6wJD8
PESQUEI O FILHOTE DE MAMUTE DOS CARAS #shorts #albiononline #fishing;Danilskinem;Excelente 😅;Inne;pozytywny;0.4;Humor/Spam;rozbawienie gracza;https://www.youtube.com/watch?v=ni-ORnrrF2U
PESQUEI O FILHOTE DE MAMUTE DOS CARAS #shorts #albiononline #fishing;Danilskinem;Bro you are so smart they got their brain turned upside down by your move;PvP;pozytywny;0.8;Pochwała;świetny ruch taktyczny;https://www.youtube.com/watch?v=ni-ORnrrF2U
PESQUEI O FILHOTE DE MAMUTE DOS CARAS #shorts #albiononline #fishing;Danilskinem;Galera e brasileiro?;Inne;neutralny;0.1;Humor/Spam;szukanie rodaków;https://www.youtube.com/watch?v=ni-ORnrrF2U
PESQUEI O FILHOTE DE MAMUTE DOS CARAS #shorts #albiononline #fishing;Danilskinem;Kkkkk que fela da putagem kkkkk amei;Inne;pozytywny;0.9;Humor/Spam;śmiech i podziw;https://www.youtube.com/watch?v=ni-ORnrrF2U
PESQUEI O FILHOTE DE MAMUTE DOS CARAS #shorts #albiononline #fishing;Danilskinem;I need that invis ability. How can i get it?;Inne;neutralny;0.3;Pytanie;pytanie o niewidzialność;https://www.youtube.com/watch?v=ni-ORnrrF2U
PESQUEI O FILHOTE DE MAMUTE DOS CARAS #shorts #albiononline #fishing;Danilskinem;Akvvvvv;Inne;neutralny;0.2;Humor/Spam;okrzyk lub nick;https://www.youtube.com/watch?v=ni-ORnrrF2U
PESQUEI O FILHOTE DE MAMUTE DOS CARAS #shorts #albiononline #fishing;Danilskinem;El caller del equipo contrario surro fuego esa noche;PvP;pozytywny;0.6;Humor/Spam;zabawny komentarz o callera;https://www.youtube.com/watch?v=ni-ORnrrF2U
PESQUEI O FILHOTE DE MAMUTE DOS CARAS #shorts #albiononline #fishing;Danilskinem;Diabolical!!!! Absolute cinema;PvP;pozytywny;0.9;Pochwała;epicka akcja;https://www.youtube.com/watch?v=ni-ORnrrF2U
PESQUEI O FILHOTE DE MAMUTE DOS CARAS #shorts #albiononline #fishing;Danilskinem;XDDD;Inne;neutralny;0.5;Humor/Spam;śmiech w komentarzu;https://www.youtube.com/watch?v=ni-ORnrrF2U
PESQUEI O FILHOTE DE MAMUTE DOS CARAS #shorts #albiononline #fishing;Danilskinem;Gg bro;PvP;pozytywny;0.4;Pochwała;dobra gra;https://www.youtube.com/watch?v=ni-ORnrrF2U
PESQUEI O FILHOTE DE MAMUTE DOS CARAS #shorts #albiononline #fishing;Danilskinem;Esse vídeo eu rir demais dele o cabra passou a mão ✋ no Manute dos cabras kakakaakakakak eu não consigo uma sorte dessas e nem a proeza de sair vivo 😂😂😂😂😂😂😂😂;Inne;pozytywny;1.0;Humor/Spam;ogromne rozbawienie i fart;https://www.youtube.com/watch?v=ni-ORnrrF2U
PESQUEI O FILHOTE DE MAMUTE DOS CARAS #shorts #albiononline #fishing;Danilskinem;WOW 😊;Inne;pozytywny;0.5;Pochwała;podziw dla filmu;https://www.youtube.com/watch?v=ni-ORnrrF2U
PESQUEI O FILHOTE DE MAMUTE DOS CARAS #shorts #albiononline #fishing;Danilskinem;Que sorte kkkkk;Inne;pozytywny;0.7;Humor/Spam;wielkie szczęście;https://www.youtube.com/watch?v=ni-ORnrrF2U
PESQUEI O FILHOTE DE MAMUTE DOS CARAS #shorts #albiononline #fishing;Danilskinem;😅 pppqp dan ,,;PvP;pozytywny;0.8;Humor/Spam;reakcja na akcję;https://www.youtube.com/watch?v=ni-ORnrrF2U
PESQUEI O FILHOTE DE MAMUTE DOS CARAS #shorts #albiononline #fishing;Danilskinem;Mdssss;Inne;pozytywny;0.6;Humor/Spam;ekscytacja gracza;https://www.youtube.com/watch?v=ni-ORnrrF2U
PESQUEI O FILHOTE DE MAMUTE DOS CARAS #shorts #albiononline #fishing;Danilskinem;Hoooooo;Inne;neutralny;0.5;Humor/Spam;emocjonalna reakcja;https://www.youtube.com/watch?v=ni-ORnrrF2U
PESQUEI O FILHOTE DE MAMUTE DOS CARAS #shorts #albiononline #fishing;Danilskinem;This makes me want to just try and steal mammoth babies all day lol;Ekonomia;pozytywny;0.6;Pochwała;kradzież małych mamutów;https://www.youtube.com/watch?v=ni-ORnrrF2U
PESQUEI O FILHOTE DE MAMUTE DOS CARAS #shorts #albiononline #fishing;Danilskinem;My guy. You are a hero.;PvP;pozytywny;0.7;Pochwała;uznanie dla bohatera;https://www.youtube.com/watch?v=ni-ORnrrF2U
PESQUEI O FILHOTE DE MAMUTE DOS CARAS #shorts #albiononline #fishing;Danilskinem;LOL;Inne;pozytywny;0.5;Humor/Spam;śmiech z akcji;https://www.youtube.com/watch?v=ni-ORnrrF2U
PESQUEI O FILHOTE DE MAMUTE DOS CARAS #shorts #albiononline #fishing;Danilskinem;Only the ones who kill the mobs get all the loot, but anyone can loot the mammoth? What a joke;Ekonomia;negatywny;0.7;Krytyka/Problem;niesprawiedliwy loot mamuta;https://www.youtube.com/watch?v=ni-ORnrrF2U
PESQUEI O FILHOTE DE MAMUTE DOS CARAS #shorts #albiononline #fishing;Danilskinem;😮;Inne;neutralny;0.4;Humor/Spam;reakcja zaskoczenia;https://www.youtube.com/watch?v=ni-ORnrrF2U
PESQUEI O FILHOTE DE MAMUTE DOS CARAS #shorts #albiononline #fishing;Danilskinem;Makakinhos xd;Inne;neutralny;0.3;Humor/Spam;losowy komentarz;https://www.youtube.com/watch?v=ni-ORnrrF2U
PESQUEI O FILHOTE DE MAMUTE DOS CARAS #shorts #albiononline #fishing;Danilskinem;El rey de las ratas jajaja;PvP;pozytywny;0.7;Humor/Spam;król szczurów;https://www.youtube.com/watch?v=ni-ORnrrF2U
PESQUEI O FILHOTE DE MAMUTE DOS CARAS #shorts #albiononline #fishing;Danilskinem;No regear for d tanks for 10 years;Balans broni;negatywny;0.6;Krytyka/Problem;brak zwrotu kosztów;https://www.youtube.com/watch?v=ni-ORnrrF2U
PESQUEI O FILHOTE DE MAMUTE DOS CARAS #shorts #albiononline #fishing;Danilskinem;Kakakakakakaka que filho Duma p;Inne;negatywny;0.8;Humor/Spam;śmiech i obelga;https://www.youtube.com/watch?v=ni-ORnrrF2U
PESQUEI O FILHOTE DE MAMUTE DOS CARAS #shorts #albiononline #fishing;Danilskinem;Nem o Mamute acreditou nessa ousadia;PvP;pozytywny;0.6;Pochwała;zuchwała akcja;https://www.youtube.com/watch?v=ni-ORnrrF2U
PESQUEI O FILHOTE DE MAMUTE DOS CARAS #shorts #albiononline #fishing;Danilskinem;"Okay if it's this thick with players the term ""ratting"" no longer applies, this was a suicide mission and he succeeded.";PvP;pozytywny;0.8;Pochwała;udane ratowanie;https://www.youtube.com/watch?v=ni-ORnrrF2U
PESQUEI O FILHOTE DE MAMUTE DOS CARAS #shorts #albiononline #fishing;Danilskinem;You actually diving into hell and back;PvP;pozytywny;0.7;Pochwała;szalone dive;https://www.youtube.com/watch?v=ni-ORnrrF2U
PESQUEI O FILHOTE DE MAMUTE DOS CARAS #shorts #albiononline #fishing;Danilskinem;CYA;Inne;neutralny;0.5;Humor/Spam;pożegnanie gracza;https://www.youtube.com/watch?v=ni-ORnrrF2U
PESQUEI O FILHOTE DE MAMUTE DOS CARAS #shorts #albiononline #fishing;Danilskinem;O.M.G 😂;Inne;pozytywny;0.7;Humor/Spam;wielkie zaskoczenie;https://www.youtube.com/watch?v=ni-ORnrrF2U
PESQUEI O FILHOTE DE MAMUTE DOS CARAS #shorts #albiononline #fishing;Danilskinem;In east that is worth almost 400M. But still, amazing steal!!;Ekonomia;pozytywny;0.7;Pochwała;ogromny zysk;https://www.youtube.com/watch?v=ni-ORnrrF2U
PESQUEI O FILHOTE DE MAMUTE DOS CARAS #shorts #albiononline #fishing;Danilskinem;gay and coward;PvP;negatywny;0.8;Krytyka/Problem;toksyczny komentarz;https://www.youtube.com/watch?v=ni-ORnrrF2U
PESQUEI O FILHOTE DE MAMUTE DOS CARAS #shorts #albiononline #fishing;Danilskinem;Jajaja lo vuelvo a ver y me vuelvo a cagar de risa 😂😂😂😂;PvP;pozytywny;0.9;Humor/Spam;atak śmiechu;https://www.youtube.com/watch?v=ni-ORnrrF2U
PESQUEI O FILHOTE DE MAMUTE DOS CARAS #shorts #albiononline #fishing;Danilskinem;Omg;Inne;neutralny;0.4;Humor/Spam;krótkie wow;https://www.youtube.com/watch?v=ni-ORnrrF2U
PESQUEI O FILHOTE DE MAMUTE DOS CARAS #shorts #albiononline #fishing;Danilskinem;😂😂  muy bueno !!;PvP;pozytywny;0.8;Pochwała;świetna akcja;https://www.youtube.com/watch?v=ni-ORnrrF2U
PESQUEI O FILHOTE DE MAMUTE DOS CARAS #shorts #albiononline #fishing;Danilskinem;Ага, конечно. Вообще не постанова;Inne;negatywny;0.5;Krytyka/Problem;podejrzenie ustawki;https://www.youtube.com/watch?v=ni-ORnrrF2U
PESQUEI O FILHOTE DE MAMUTE DOS CARAS #shorts #albiononline #fishing;Danilskinem;😅😂😂😂🎉;Inne;pozytywny;0.8;Humor/Spam;emotki radości;https://www.youtube.com/watch?v=ni-ORnrrF2U
PESQUEI O FILHOTE DE MAMUTE DOS CARAS #shorts #albiononline #fishing;Danilskinem;The timing can't believe it;PvP;pozytywny;0.6;Pochwała;idealny timing;https://www.youtube.com/watch?v=ni-ORnrrF2U
PESQUEI O FILHOTE DE MAMUTE DOS CARAS #shorts #albiononline #fishing;Danilskinem;Y eso es poco dinero eso lo venden hasta en 230 o 400 millones como locura en el server que yo juego, brutal el profit;Ekonomia;pozytywny;0.8;Pochwała;ogromny profit;https://www.youtube.com/watch?v=ni-ORnrrF2U
PESQUEI O FILHOTE DE MAMUTE DOS CARAS #shorts #albiononline #fishing;Danilskinem;Realmente esse foi o roubo da História do Albion kkk tem cara que rouba guilda mas isso é safadeza, esse aí é o rato raiz kkkkk;PvP;pozytywny;0.9;Pochwała;historyczna kradzież;https://www.youtube.com/watch?v=ni-ORnrrF2U
PESQUEI O FILHOTE DE MAMUTE DOS CARAS #shorts #albiononline #fishing;Danilskinem;How much is something like that worth im new to this game and i didnt even seen so much players in one place;Ekonomia;neutralny;0.4;Pytanie;wartość przedmiotu;https://www.youtube.com/watch?v=ni-ORnrrF2U
PESQUEI O FILHOTE DE MAMUTE DOS CARAS #shorts #albiononline #fishing;Danilskinem;Rat king;PvP;neutralny;0.5;Humor/Spam;król szczurów;https://www.youtube.com/watch?v=ni-ORnrrF2U
PESQUEI O FILHOTE DE MAMUTE DOS CARAS #shorts #albiononline #fishing;Danilskinem;Absolute legend;Inne;pozytywny;0.8;Pochwała;absolutna legenda;https://www.youtube.com/watch?v=ni-ORnrrF2U
PESQUEI O FILHOTE DE MAMUTE DOS CARAS #shorts #albiononline #fishing;Danilskinem;Hahahahahahha;Inne;pozytywny;0.9;Humor/Spam;czysty śmiech;https://www.youtube.com/watch?v=ni-ORnrrF2U
PESQUEI O FILHOTE DE MAMUTE DOS CARAS #shorts #albiononline #fishing;Danilskinem;Cuando entro al HO salio toda su máxima locura a luz;Inne;neutralny;0.6;Humor/Spam;szaleństwo w HO;https://www.youtube.com/watch?v=ni-ORnrrF2U
PESQUEI O FILHOTE DE MAMUTE DOS CARAS #shorts #albiononline #fishing;Danilskinem;Oq eu me surpreendi é vc ter conseguido clicar no saco do mamute no meio desse tanto de gente, acho que eles estavam parados tirando print pra postar, só pode;Inne;neutralny;0.5;Humor/Spam;kliknięcie mamuta;https://www.youtube.com/watch?v=ni-ORnrrF2U
PESQUEI O FILHOTE DE MAMUTE DOS CARAS #shorts #albiononline #fishing;Danilskinem;Imagina a indole do sujeito na vida real...rs;Inne;negatywny;0.7;Krytyka/Problem;charakter gracza;https://www.youtube.com/watch?v=ni-ORnrrF2U
PESQUEI O FILHOTE DE MAMUTE DOS CARAS #shorts #albiononline #fishing;Danilskinem;No way dude 🤣🤣;Inne;pozytywny;0.8;Humor/Spam;niedowierzanie i śmiech;https://www.youtube.com/watch?v=ni-ORnrrF2U
PESQUEI O FILHOTE DE MAMUTE DOS CARAS #shorts #albiononline #fishing;Danilskinem;Langaw success;Inne;pozytywny;0.6;Pochwała;sukces langaw;https://www.youtube.com/watch?v=ni-ORnrrF2U
PESQUEI O FILHOTE DE MAMUTE DOS CARAS #shorts #albiononline #fishing;Danilskinem;Still the best clip on albion online .;Inne;pozytywny;0.9;Pochwała;najlepszy klip;https://www.youtube.com/watch?v=ni-ORnrrF2U
Insane solo bomb! #albiononline;Randiom;Build:  Harvester Cap Scholar Robe Miner Workboots Brimstone staff Morgana/Keeper/Undead cape Stew Sticky pot;Balans broni;neutralny;0.2;Krytyka/Problem;prezentacja buildu;https://www.youtube.com/watch?v=rkG0wuzNqtI
Insane solo bomb! #albiononline;Randiom;4 flat paid actors xD but nice vod even though you lied;PvP;negatywny;0.6;Krytyka/Problem;ustawione walki;https://www.youtube.com/watch?v=rkG0wuzNqtI
Insane solo bomb! #albiononline;Randiom;How did you stun them;Mechanika gry;neutralny;0.4;Pytanie;jak ogłuszyć;https://www.youtube.com/watch?v=rkG0wuzNqtI
Insane solo bomb! #albiononline;Randiom;Is that low spec though.;Inne;neutralny;0.1;Krytyka/Problem;niska jakość;https://www.youtube.com/watch?v=rkG0wuzNqtI
Insane solo bomb! #albiononline;Randiom;aaaand cut;Inne;neutralny;0.3;Humor/Spam;cięcie wideo;https://www.youtube.com/watch?v=rkG0wuzNqtI
Insane solo bomb! #albiononline;Randiom;ho ho ho i am here to make some statements about destrutction animation and how dey are compatible;Animacje;neutralny;0.4;Humor/Spam;animacje zniszczenia;https://www.youtube.com/watch?v=rkG0wuzNqtI
Insane solo bomb! #albiononline;Randiom;Sakit amat;Inne;neutralny;0.5;Humor/Spam;losowy komentarz;https://www.youtube.com/watch?v=rkG0wuzNqtI
Insane solo bomb! #albiononline;Randiom;Why did they stay still without being stunned?;PvP;negatywny;0.5;Pytanie;brak ruchu wrogów;https://www.youtube.com/watch?v=rkG0wuzNqtI
Insane solo bomb! #albiononline;Randiom;what did you use to stun them was it the firewall i thought that makes them run?;Mechanika gry;neutralny;0.4;Pytanie;efekt ognistej ściany;https://www.youtube.com/watch?v=rkG0wuzNqtI
Insane solo bomb! #albiononline;Randiom;Paid actors?😂;PvP;negatywny;0.7;Humor/Spam;podejrzenia o ustawkę;https://www.youtube.com/watch?v=rkG0wuzNqtI
Insane solo bomb! #albiononline;Randiom;snoppen är toppen;Inne;neutralny;0.6;Humor/Spam;szwedzki spam;https://www.youtube.com/watch?v=rkG0wuzNqtI
Insane solo bomb! #albiononline;Randiom;Another finesse video;PvP;pozytywny;0.4;Pochwała;dobra walka;https://www.youtube.com/watch?v=rkG0wuzNqtI
Insane solo bomb! #albiononline;Randiom;Ñankers;Inne;neutralny;0.2;Humor/Spam;nieznany slang;https://www.youtube.com/watch?v=rkG0wuzNqtI
Insane solo bomb! #albiononline;Randiom;Q pro;PvP;pozytywny;0.5;Pochwała;dobra gra;https://www.youtube.com/watch?v=rkG0wuzNqtI
Insane solo bomb! #albiononline;Randiom;Why weren't they moving ?;PvP;negatywny;0.5;Pytanie;dziwne zachowanie graczy;https://www.youtube.com/watch?v=rkG0wuzNqtI
Insane solo bomb! #albiononline;Randiom;"I like to see ""solo bombing"" and then show up the party ahaha";PvP;negatywny;0.6;Krytyka/Problem;fake solo pvp;https://www.youtube.com/watch?v=rkG0wuzNqtI
Insane solo bomb! #albiononline;Randiom;"Definition of ""1v9""";PvP;pozytywny;0.6;Pochwała;definicja 1v9;https://www.youtube.com/watch?v=rkG0wuzNqtI
Insane solo bomb! #albiononline;Randiom;+90 m 😂;Ekonomia;pozytywny;0.7;Pochwała;ogromny zysk;https://www.youtube.com/watch?v=rkG0wuzNqtI
Insane solo bomb! #albiononline;Randiom;Most epic clap eversince;PvP;pozytywny;0.8;Pochwała;epicka akcja;https://www.youtube.com/watch?v=rkG0wuzNqtI
Insane solo bomb! #albiononline;Randiom;Thats why I stopped playing this game, always pussies in groups;PvP;negatywny;0.9;Krytyka/Problem;zrezygnowany gracz;https://www.youtube.com/watch?v=rkG0wuzNqtI
Insane solo bomb! #albiononline;Randiom;Bro kills t4 guys like wow brooo anybody can do that good job broooooooooo;PvP;negatywny;0.8;Krytyka/Problem;słabi przeciwnici;https://www.youtube.com/watch?v=rkG0wuzNqtI
Insane solo bomb! #albiononline;Randiom;*bloop* LOL, get fk’d GGz;PvP;pozytywny;0.7;Pochwała;zwycięstwo w pvp;https://www.youtube.com/watch?v=rkG0wuzNqtI
Insane solo bomb! #albiononline;Randiom;"Imagine being so f'ing stupid you think that is a ""solo bomb""";PvP;negatywny;0.9;Krytyka/Problem;fałszywe solo bomb;https://www.youtube.com/watch?v=rkG0wuzNqtI
Insane solo bomb! #albiononline;Randiom;That was amazing;PvP;pozytywny;0.8;Pochwała;imponująca akcja;https://www.youtube.com/watch?v=rkG0wuzNqtI
Insane solo bomb! #albiononline;Randiom;Players 4.1 sksksk;PvP;negatywny;0.5;Krytyka/Problem;niski tier sprzętu;https://www.youtube.com/watch?v=rkG0wuzNqtI
Insane solo bomb! #albiononline;Randiom;sucks one dude had full health would of been a great pay day;Ekonomia;negatywny;0.6;Krytyka/Problem;utracony loot;https://www.youtube.com/watch?v=rkG0wuzNqtI
Insane solo bomb! #albiononline;Randiom;adda mig svensk;Inne;neutralny;0.1;Pytanie;szukanie szwedów;https://www.youtube.com/watch?v=rkG0wuzNqtI
Insane solo bomb! #albiononline;Randiom;T3;Inne;neutralny;0.2;Krytyka/Problem;niski tier t3;https://www.youtube.com/watch?v=rkG0wuzNqtI
Insane solo bomb! #albiononline;Randiom;Did the stick pot stun them? Never used it before😅;Mechanika gry;neutralny;0.3;Pytanie;pytanie o item;https://www.youtube.com/watch?v=rkG0wuzNqtI
Insane solo bomb! #albiononline;Randiom;Imagine someone just someone had inspected you before and then used cleanse(every leather helmet has that) when u stunned them literally your whole combo and potentially you were dead;PvP;negatywny;0.7;Sugestia zmiany;używanie cleanse;https://www.youtube.com/watch?v=rkG0wuzNqtI
Insane solo bomb! #albiononline;Randiom;Dostum oyun için bana yardım eder misin amerika sunucusunda oynuyorum;Inne;neutralny;0.3;Pytanie;prośba o pomoc;https://www.youtube.com/watch?v=rkG0wuzNqtI
Insane solo bomb! #albiononline;Randiom;Why they stop moving though;PvP;negatywny;0.4;Krytyka/Problem;dziwne zachowanie graczy;https://www.youtube.com/watch?v=rkG0wuzNqtI
Insane solo bomb! #albiononline;Randiom;game mechanics were active;Mechanika gry;neutralny;0.1;Pochwała;działanie mechanik;https://www.youtube.com/watch?v=rkG0wuzNqtI
Insane solo bomb! #albiononline;Randiom;If she had pulled it back just one more centimeter, she would have been Elon Musk;Inne;neutralny;0.2;Humor/Spam;cytat z elona;https://www.youtube.com/watch?v=rkG0wuzNqtI
Insane solo bomb! #albiononline;Randiom;What have I just seen bro?;PvP;neutralny;0.6;Humor/Spam;zaskoczenie akcją;https://www.youtube.com/watch?v=rkG0wuzNqtI
Insane solo bomb! #albiononline;Randiom;Ninpo Boiling droplet💧😂😂😂;PvP;pozytywny;0.7;Humor/Spam;żart z umiejętności;https://www.youtube.com/watch?v=rkG0wuzNqtI
Insane solo bomb! #albiononline;Randiom;Every Albion gankers be like, let's group up;PvP;negatywny;0.6;Krytyka/Problem;gankowanie w grupie;https://www.youtube.com/watch?v=rkG0wuzNqtI
Insane solo bomb! #albiononline;Randiom;they are paid actor i was there he give me 100k for this and the set;Inne;neutralny;0.4;Humor/Spam;ustawiona akcja;https://www.youtube.com/watch?v=rkG0wuzNqtI
Insane solo bomb! #albiononline;Randiom;"Hello there! I'm just commenting on posts, to share the love and grace of God to someone who might need it. I just want to respectfully share how real Jesus to me is; His overwhelming evidences, ways, and revelation just puts everything into right perspective.  To the one who's reading this, always know that you are deeply valued and with great purpose! You are loved!  You'll realize it more as you start a relationship with Him-- the One loves you the most. 💘  But how do we start a relationship with Jesus? Here's what happened:  We are sinners and are deserving to pay for it (we know it ourselves, we are indeed not perfect), that's what separate us from God. But thanks to the Lord! He offered His life on the cross to pay for our sins. We may know that, but not the implication in our life, here is what it is: You and I broke God's commands, but it is Jesus who paid the fine-- that's what happened in the cross.  God loves you deeply that He doesn't want to be separated with you. He offered His life to save you! He wants to give you life! ✨  It is indeed a free gift given graciously by our Lord Jesus. And like any other gifts, we have a choice whether to accept it or not.  The only thing we have to do to accept this precious gift of salvation is to trust in Jesus as our Savior who saves us from our sins through what He's done on the cross, believing in Him as our Lord in our lives. And as a fruit of our belief in Jesus, we shall repent of our sins. He will forgive us, repair our broken relationship with Him, and we will have eternal life.  Jesus answered, “I am the way and the truth and the life. No one comes to the Father except through me. -John 14:6  How are you? Do you have a relationship with Jesus? Start it now! ❤️  As you have your relationship with Jesus, let's desire to know Him more and closer! Read the Bible and know God more EVERY DAY (preferably starting with book of John and Romans), pray always, and go to a church that is close to God's truth!";Inne;neutralny;0.9;Humor/Spam;religijny spam;https://www.youtube.com/watch?v=rkG0wuzNqtI
Insane solo bomb! #albiononline;Randiom;Do players actually stack up like that? Even if they're range?;PvP;neutralny;0.4;Pytanie;ustawianie się graczy;https://www.youtube.com/watch?v=rkG0wuzNqtI
Insane solo bomb! #albiononline;Randiom;😮;Inne;neutralny;0.3;Humor/Spam;reakcja emoji;https://www.youtube.com/watch?v=rkG0wuzNqtI
Insane solo bomb! #albiononline;Randiom;увернулся от ульты - кик со съемок;PvP;neutralny;0.4;Humor/Spam;uniknięcie umiejętności;https://www.youtube.com/watch?v=rkG0wuzNqtI
Insane solo bomb! #albiononline;Randiom;game mechanics had opinions;Balans broni;negatywny;0.5;Krytyka/Problem;dziwna mechanika gry;https://www.youtube.com/watch?v=rkG0wuzNqtI
Insane solo bomb! #albiononline;Randiom;bro committed fully;PvP;neutralny;0.6;Humor/Spam;pełne zaangażowanie;https://www.youtube.com/watch?v=rkG0wuzNqtI
Insane solo bomb! #albiononline;Randiom;cook;Inne;pozytywny;0.4;Pochwała;dobre zagranie;https://www.youtube.com/watch?v=rkG0wuzNqtI
Insane solo bomb! #albiononline;Randiom;The only person with a brain in that gank group was the fire mage, and he survived. :D;PvP;pozytywny;0.7;Pochwała;mądry mag ognia;https://www.youtube.com/watch?v=rkG0wuzNqtI
Insane solo bomb! #albiononline;Randiom;albion game of bots;Inne;negatywny;0.5;Krytyka/Problem;gra pełna botów;https://www.youtube.com/watch?v=rkG0wuzNqtI
Insane solo bomb! #albiononline;Randiom;The rain drope sound💔;Inne;pozytywny;0.6;Pochwała;dźwięk deszczu;https://www.youtube.com/watch?v=rkG0wuzNqtI
Insane solo bomb! #albiononline;Randiom;Meteor not bomb;Balans broni;neutralny;0.2;Krytyka/Problem;korekta nazwy czaru;https://www.youtube.com/watch?v=rkG0wuzNqtI
Insane solo bomb! #albiononline;Randiom;The meteor is so fun;PvP;pozytywny;0.8;Pochwała;fajny meteor;https://www.youtube.com/watch?v=rkG0wuzNqtI
